nuclide,E,eff,unc_eff
cs137,661.657,0.06531,0.00393
co60,1173.228,0.02992,0.00047
co60,1332.492,0.02707,0.00042
ba133,80.9979,0.07683,0.00541
ba133,276.3989,0.12002,0.00853
ba133,302.8508,0.12240,0.00862
ba133,356.0129,0.10382,0.00729
ba133,383.8485,0.11526,0.00816
am241,59.5409,0.02516,0.00126
co57,122.06065,0.18320,0.00419