nuclide,E,eff,unc_eff
cs137,662.01,0.06531,0.00393
co60,1173.77,0.02992,0.00047
co60,1333.13,0.02707,0.00042
ba133,81.1,0.07683,0.00541
ba133,276.7,0.12002,0.00853
ba133,303.17,0.12240,0.00862
ba133,356.36,0.10382,0.00729
ba133,384.2,0.11526,0.00816
am241,59.54,0.02516,0.00126
co57,122.27,0.18320,0.00419